path,ethnicity,gender,pred,label
./RealVideo-RealAudio/Asian (South)/women/id00488/00028.mp4,Asian (South),women,0.015306915,0
./RealVideo-RealAudio/Asian (South)/women/id02089/00092.mp4,Asian (South),women,0.23077641,0
./RealVideo-RealAudio/Asian (South)/women/id06428/00043.mp4,Asian (South),women,0.10492072,0
./RealVideo-RealAudio/Asian (South)/women/id03897/00021.mp4,Asian (South),women,0.20706396,0
./RealVideo-RealAudio/Asian (South)/women/id00739/00005.mp4,Asian (South),women,0.03341666,0
./RealVideo-RealAudio/Asian (South)/women/id04582/00180.mp4,Asian (South),women,0.16575515,0
./RealVideo-RealAudio/Asian (South)/women/id04583/00077.mp4,Asian (South),women,0.49594617,0
./RealVideo-RealAudio/Asian (South)/women/id06438/00110.mp4,Asian (South),women,0.025896495,0
./RealVideo-RealAudio/Asian (South)/women/id02310/00139.mp4,Asian (South),women,0.19939986,0
./RealVideo-RealAudio/Asian (South)/women/id05931/00013.mp4,Asian (South),women,0.08813611,0
./RealVideo-RealAudio/Asian (South)/women/id07689/00028.mp4,Asian (South),women,0.07462671,0
./RealVideo-RealAudio/Asian (South)/women/id05920/00161.mp4,Asian (South),women,0.034696348,0
./RealVideo-RealAudio/Asian (South)/women/id00149/00284.mp4,Asian (South),women,0.05642618,0
./RealVideo-RealAudio/Asian (South)/women/id05478/00135.mp4,Asian (South),women,0.18557788,0
./RealVideo-RealAudio/Asian (South)/women/id01026/00083.mp4,Asian (South),women,0.043470893,0
./RealVideo-RealAudio/Asian (South)/women/id06268/00159.mp4,Asian (South),women,0.06298057,0
./RealVideo-RealAudio/Asian (South)/women/id06232/00025.mp4,Asian (South),women,0.029506465,0
./RealVideo-RealAudio/Asian (South)/women/id06445/00150.mp4,Asian (South),women,0.0583362,0
./RealVideo-RealAudio/Asian (South)/women/id04490/00054.mp4,Asian (South),women,0.099318705,0
./RealVideo-RealAudio/Asian (South)/women/id04529/00186.mp4,Asian (South),women,0.3426661,0
./RealVideo-RealAudio/Asian (South)/women/id07686/00254.mp4,Asian (South),women,0.19829124,0
./RealVideo-RealAudio/Asian (South)/women/id06437/00028.mp4,Asian (South),women,0.29919568,0
./RealVideo-RealAudio/Asian (South)/women/id00417/00069.mp4,Asian (South),women,0.5008655,0
./RealVideo-RealAudio/Asian (South)/women/id05435/00107.mp4,Asian (South),women,0.027174266,0
./RealVideo-RealAudio/Asian (South)/women/id04927/00013.mp4,Asian (South),women,0.109140866,0
./RealVideo-RealAudio/Asian (South)/women/id03815/00118.mp4,Asian (South),women,0.17344,0
./RealVideo-RealAudio/Asian (South)/women/id07078/00405.mp4,Asian (South),women,0.043297,0
./RealVideo-RealAudio/Asian (South)/women/id04070/00072.mp4,Asian (South),women,0.077544786,0
./RealVideo-RealAudio/Asian (South)/women/id06752/00221.mp4,Asian (South),women,0.67568296,0
./RealVideo-RealAudio/Asian (South)/women/id03559/00023.mp4,Asian (South),women,0.17776746,0
./RealVideo-RealAudio/Asian (South)/women/id02619/00015.mp4,Asian (South),women,0.10319442,0
./RealVideo-RealAudio/Asian (South)/women/id07136/00052.mp4,Asian (South),women,0.025837315,0
./RealVideo-RealAudio/Asian (South)/women/id07377/00025.mp4,Asian (South),women,0.07230551,0
./RealVideo-RealAudio/Asian (South)/women/id06343/00023.mp4,Asian (South),women,0.070529394,0
./RealVideo-RealAudio/Asian (South)/women/id06439/00118.mp4,Asian (South),women,0.2326397,0
./RealVideo-RealAudio/Asian (South)/women/id05845/00027.mp4,Asian (South),women,0.04024482,0
./RealVideo-RealAudio/Asian (South)/women/id00043/00135.mp4,Asian (South),women,0.63252753,0
./RealVideo-RealAudio/Asian (South)/women/id00747/00053.mp4,Asian (South),women,0.25374806,0
./RealVideo-RealAudio/Asian (South)/women/id07008/00175.mp4,Asian (South),women,0.23396403,0
./RealVideo-RealAudio/Asian (South)/women/id04530/00231.mp4,Asian (South),women,0.047804955,0
./RealVideo-RealAudio/Asian (South)/women/id00461/00043.mp4,Asian (South),women,0.19189657,0
./RealVideo-RealAudio/Asian (South)/women/id03985/00005.mp4,Asian (South),women,0.34682462,0
./RealVideo-RealAudio/Asian (South)/women/id07236/00143.mp4,Asian (South),women,0.307733,0
./RealVideo-RealAudio/Asian (South)/women/id07049/00043.mp4,Asian (South),women,0.041533787,0
./RealVideo-RealAudio/Asian (South)/women/id04564/00417.mp4,Asian (South),women,0.0866709,0
./RealVideo-RealAudio/Asian (South)/women/id00235/00052.mp4,Asian (South),women,0.27580157,0
./RealVideo-RealAudio/Asian (South)/women/id07051/00083.mp4,Asian (South),women,0.021060422,0
./RealVideo-RealAudio/Asian (South)/women/id05434/00052.mp4,Asian (South),women,0.42978203,0
./RealVideo-RealAudio/Asian (South)/women/id06254/00043.mp4,Asian (South),women,0.25022155,0
./RealVideo-RealAudio/Asian (South)/women/id00080/00281.mp4,Asian (South),women,0.034235075,0
